INSERT INTO public.climbers (id, name, surname, address)
VALUES (1, 'Адриан', 'Афанасьевич', 'с. Магадан, наб. Зеленая, д. 59');
INSERT INTO public.climbers (id, name, surname, address)
VALUES (2, 'Мишин', 'Родион', 'д. Ессентуки, ш. Ветеранов, д. 5/8');
INSERT INTO public.climbers (id, name, surname, address)
VALUES (3, 'Христофор', 'Харитонович', 'клх Енисейск, ш. Морозова, д. 784');
INSERT INTO public.climbers (id, name, surname, address)
VALUES (4, 'Любосмысл', 'Ерофеевич', 'к. Яшалта, пр. Лазо, д. 435');
INSERT INTO public.climbers (id, name, surname, address)
VALUES (5, 'Рогова', 'Регина', 'п. Богучар, наб. Народная, д. 2 к. 1');
INSERT INTO public.climbers (id, name, surname, address)
VALUES (6, 'Шарова', 'Эмилия', 'с. Калач, ш. Кочубея, д. 17');
INSERT INTO public.climbers (id, name, surname, address)
VALUES (7, 'Нонна', 'Андреевна', 'г. Кострома, ш. Металлургов, д. 3/5 стр. 997');
INSERT INTO public.climbers (id, name, surname, address)
VALUES (8, 'Моисеева', 'Евгения', 'с. Бугуруслан, ул. Комарова, д. 42 стр. 51');
INSERT INTO public.climbers (id, name, surname, address)
VALUES (9, 'Игорь', 'Богданович', 'г. Старая Русса, пер. Победы, д. 831 к. 6');
INSERT INTO public.climbers (id, name, surname, address)
VALUES (10, 'Зимин', 'Селиван', 'ст. Териберка, пер. Вокзальный, д. 885 к. 24');
INSERT INTO public.climbers (id, name, surname, address)
VALUES (11, 'Стрелкова', 'Фёкла', 'д. Бугульма, наб. Поселковая, д. 9 к. 846');
INSERT INTO public.climbers (id, name, surname, address)
VALUES (12, 'Онуфрий', 'Викторович', 'с. Братск, наб. Буденного, д. 7 к. 374');
INSERT INTO public.climbers (id, name, surname, address)
VALUES (13, 'Светлана', 'Матвеевна', 'к. Змеиногорск, пр. Некрасова, д. 2/6 стр. 6');
INSERT INTO public.climbers (id, name, surname, address)
VALUES (14, 'Любовь', 'Петровна', 'клх Сковородино, алл. 30 лет Победы, д. 123');
INSERT INTO public.climbers (id, name, surname, address)
VALUES (15, 'Евграф', 'Феоктистович', 'г. Усолье Сибирское, пер. Толбухина, д. 9 к. 82');
INSERT INTO public.climbers (id, name, surname, address)
VALUES (16, 'Воронов', 'Степан', 'ст. Шереметьево, алл. Тургенева, д. 2 стр. 94');
INSERT INTO public.climbers (id, name, surname, address)
VALUES (17, 'Виктория', 'Павловна', 'ст. Советский, пер. Гафури, д. 516');
INSERT INTO public.climbers (id, name, surname, address)
VALUES (18, 'Кузнецова', 'Олимпиада', 'п. Карталы, пр. Розы Люксембург, д. 4');
INSERT INTO public.climbers (id, name, surname, address)
VALUES (19, 'Евдокия', 'Григорьевна', 'с. Ясный (Оренб.), пр. Сибирский, д. 63 к. 52');
INSERT INTO public.climbers (id, name, surname, address)
VALUES (20, 'Ия', 'Геннадьевна', 'г. Арзамас, бул. Котовского, д. 8/9 стр. 1/7');
INSERT INTO public.climbers (id, name, surname, address)
VALUES (21, 'Демьян', 'Антонович', 'ст. Ведено, ш. Дорожное, д. 482 стр. 62');
INSERT INTO public.climbers (id, name, surname, address)
VALUES (22, 'Прохоров', 'Селиверст', 'с. Балтийск, ул. Космодемьянской, д. 17 стр. 76');
INSERT INTO public.climbers (id, name, surname, address)
VALUES (23, 'Никита', 'Ерофеевич', 'г. Канск, пр. Ключевой, д. 9 к. 87');
INSERT INTO public.climbers (id, name, surname, address)
VALUES (24, 'Власов', 'Вадим', 'ст. Раменское, ул. Ленинградская, д. 5 стр. 4/8');
INSERT INTO public.climbers (id, name, surname, address)
VALUES (25, 'Ильина', 'Александра', 'г. Красноселькуп, бул. 8 Марта, д. 593');
INSERT INTO public.climbers (id, name, surname, address)
VALUES (26, 'Прасковья', 'Александровна', 'п. Белогорск (Амур.), пер. Макарова, д. 20');
INSERT INTO public.climbers (id, name, surname, address)
VALUES (27, 'Мартынов', 'Никодим', 'с. Тольятти, наб. Челюскинцев, д. 8 стр. 40');
INSERT INTO public.climbers (id, name, surname, address)
VALUES (28, 'Аполлинарий', 'Фёдорович', 'клх Кижи, пр. Гвардейский, д. 5/1 стр. 5');
INSERT INTO public.climbers (id, name, surname, address)
VALUES (29, 'Наумова', 'Зоя', 'с. Бугуруслан, ш. Кленовое, д. 5');
INSERT INTO public.climbers (id, name, surname, address)
VALUES (30, 'Большаков', 'Захар', 'ст. Нижний Тагил, наб. Марта 8, д. 959');
INSERT INTO public.climbers (id, name, surname, address)
VALUES (31, 'Шарова', 'Фёкла', 'клх Тольятти, наб. Майская, д. 828');
INSERT INTO public.climbers (id, name, surname, address)
VALUES (32, 'Марфа', 'Георгиевна', 'г. Кисловодск, пр. Ленина, д. 6 к. 195');
INSERT INTO public.climbers (id, name, surname, address)
VALUES (33, 'Веселова', 'Анастасия', 'г. Бреды, ш. Степана Разина, д. 90 к. 591');
INSERT INTO public.climbers (id, name, surname, address)
VALUES (34, 'Кузнецов', 'Лукьян', 'клх Арзамас, пр. Карьерный, д. 184 стр. 86');
INSERT INTO public.climbers (id, name, surname, address)
VALUES (35, 'Елисей', 'Иосипович', 'с. Усть-Ишим, ш. Победы, д. 14 стр. 3');
INSERT INTO public.climbers (id, name, surname, address)
VALUES (36, 'Прасковья', 'Руслановна', 'д. Нурлат, алл. Мельничная, д. 9/8 стр. 999');
INSERT INTO public.climbers (id, name, surname, address)
VALUES (37, 'Михаил', 'Авдеев', 'д. Вязьма, ш. Стадионное, д. 854');
INSERT INTO public.climbers (id, name, surname, address)
VALUES (38, 'Евгения', 'Александровна', 'п. Магадан, бул. Металлургов, д. 64 стр. 171');
INSERT INTO public.climbers (id, name, surname, address)
VALUES (39, 'Горбачев', 'Назар', 'к. Тимашевск, пер. Первомайский, д. 7/7 к. 3/5');
INSERT INTO public.climbers (id, name, surname, address)
VALUES (40, 'Соколов', 'Натан', 'д. Сортавала, пер. Производственный, д. 9/9 к. 287');
INSERT INTO public.climbers (id, name, surname, address)
VALUES (41, 'Харитонов', 'Ираклий', 'к. Мыс Шмидта, пер. К.Маркса, д. 3/2 к. 93');
INSERT INTO public.climbers (id, name, surname, address)
VALUES (42, 'Жанна', 'Ниловна', 'с. Приморско-Ахтарск, наб. Пархоменко, д. 5 стр. 615');
INSERT INTO public.climbers (id, name, surname, address)
VALUES (43, 'Кабанов', 'Анисим', 'к. Белоярский, пер. Троицкий, д. 5 стр. 37');
INSERT INTO public.climbers (id, name, surname, address)
VALUES (44, 'Петухова', 'Анастасия', 'г. Поярково, ул. Рабочая, д. 567 к. 21');
INSERT INTO public.climbers (id, name, surname, address)
VALUES (45, 'Соболева', 'Олимпиада', 'к. Красноярск, бул. Российский, д. 8 стр. 9/4');
INSERT INTO public.climbers (id, name, surname, address)
VALUES (46, 'Валерий', 'Бориславович', 'с. Железногорск(Курск.), наб. Ореховая, д. 229 к. 7');
INSERT INTO public.climbers (id, name, surname, address)
VALUES (47, 'Антонина', 'Ивановна', 'г. Новый Оскол, ш. Павлика Морозова, д. 3/8 к. 7/4');
INSERT INTO public.climbers (id, name, surname, address)
VALUES (48, 'Прасковья', 'Святославовна', 'с. Фатеж, алл. Южная, д. 597');
INSERT INTO public.climbers (id, name, surname, address)
VALUES (49, 'Варвара', 'Рубеновна', 'д. Подольск, пр. Кузнецова, д. 1');
INSERT INTO public.climbers (id, name, surname, address)
VALUES (50, 'Гусева', 'Лора', 'п. Усть-Джегута, бул. Моховой, д. 40');
INSERT INTO public.climbers (id, name, surname, address)
VALUES (51, 'Авдей', 'Зиновьевич', 'п. Камышин, бул. Кутузова, д. 5 стр. 1');
INSERT INTO public.climbers (id, name, surname, address)
VALUES (52, 'Петухова', 'Алла', 'ст. Серафимович, ш. Кутузова, д. 2/9 стр. 6');
INSERT INTO public.climbers (id, name, surname, address)
VALUES (53, 'Агафонов', 'Никодим', 'д. Серпухов, ш. Тополиное, д. 306 стр. 1/2');
INSERT INTO public.climbers (id, name, surname, address)
VALUES (54, 'Ираида', 'Ефимовна', 'к. Валаам, ш. Промышленное, д. 6');
INSERT INTO public.climbers (id, name, surname, address)
VALUES (55, 'Майя', 'Григорьевна', 'к. Тюмень, пр. Коллективный, д. 7/6 к. 369');
INSERT INTO public.climbers (id, name, surname, address)
VALUES (56, 'Сила', 'Федотович', 'д. Ростов, пр. Шахтерский, д. 33 к. 6/9');
INSERT INTO public.climbers (id, name, surname, address)
VALUES (57, 'Фаина', 'Валериевна', 'клх Усть-Кулом, бул. Крупской, д. 40 к. 373');
INSERT INTO public.climbers (id, name, surname, address)
VALUES (58, 'Ратмир', 'Алексеевич', 'ст. Ступино, ш. Учительское, д. 991');
INSERT INTO public.climbers (id, name, surname, address)
VALUES (59, 'Таисия', 'Ниловна', 'ст. Тутончаны, ш. Каштановое, д. 9 стр. 5/4');
INSERT INTO public.climbers (id, name, surname, address)
VALUES (60, 'Орлов', 'Гремислав', 'д. Уварово, алл. Энергетическая, д. 9 к. 9');
INSERT INTO public.climbers (id, name, surname, address)
VALUES (61, 'Павлова', 'Ксения', 'с. Уфа, бул. Короткий, д. 248');
INSERT INTO public.climbers (id, name, surname, address)
VALUES (62, 'Алина', 'Ждановна', 'с. Челюскин, алл. Привокзальная, д. 7/2 стр. 8/7');
INSERT INTO public.climbers (id, name, surname, address)
VALUES (63, 'Рогова', 'Милица', 'г. Шамары, наб. Родниковая, д. 973 к. 73');
INSERT INTO public.climbers (id, name, surname, address)
VALUES (64, 'Мясников', 'Ермил', 'ст. Сусуман, алл. Красногвардейская, д. 9 стр. 33');
INSERT INTO public.climbers (id, name, surname, address)
VALUES (65, 'Зиновьев', 'Мариан', 'клх Кирово-Чепецк, пер. Краснодарский, д. 28');
INSERT INTO public.climbers (id, name, surname, address)
VALUES (66, 'Мария', 'Никитина', 'с. Щелково, алл. Кочубея, д. 7/6 к. 514');
INSERT INTO public.climbers (id, name, surname, address)
VALUES (67, 'Евстигней', 'Валерианович', 'клх Пятигорск, наб. Западная, д. 1');
INSERT INTO public.climbers (id, name, surname, address)
VALUES (68, 'Волков', 'Пахом', 'д. Алагир, ул. Ростовская, д. 6 стр. 953');
INSERT INTO public.climbers (id, name, surname, address)
VALUES (69, 'Лыткина', 'Алла', 'д. Дивногорск, бул. Полярный, д. 194');
INSERT INTO public.climbers (id, name, surname, address)
VALUES (70, 'Рожков', 'Милан', 'п. Псебай, ул. Маркса Карла, д. 72');
INSERT INTO public.climbers (id, name, surname, address)
VALUES (71, 'Кузнецова', 'Анжелика', 'ст. Троицко-Печорск, ш. Космонавтов, д. 1');
INSERT INTO public.climbers (id, name, surname, address)
VALUES (72, 'Андрей', 'Абрамов', 'п. Таганрог, пер. Дарвина, д. 41');
INSERT INTO public.climbers (id, name, surname, address)
VALUES (73, 'Шестаков', 'Евгений', 'клх Верхнее Пенжино, алл. Ульянова, д. 9/2');
INSERT INTO public.climbers (id, name, surname, address)
VALUES (74, 'Мясников', 'Алексей', 'к. Москва, МГУ, пер. Профсоюзный, д. 442');
INSERT INTO public.climbers (id, name, surname, address)
VALUES (75, 'Юлия', 'Романовна', 'клх Комсомольск-на-Амуре, алл. Вавилова, д. 1/7');
INSERT INTO public.climbers (id, name, surname, address)
VALUES (76, 'Степанова', 'Елена', 'с. Плес, пер. Дорожников, д. 685');
INSERT INTO public.climbers (id, name, surname, address)
VALUES (77, 'Веселова', 'Лариса', 'п. Тверь, ш. Элеваторное, д. 5');
INSERT INTO public.climbers (id, name, surname, address)
VALUES (78, 'Вацлав', 'Абрамович', 'ст. Воткинск, ш. Рязанское, д. 9/5 стр. 3');
INSERT INTO public.climbers (id, name, surname, address)
VALUES (79, 'Прасковья', 'Матвеевна', 'п. Муравленко, ш. Выгонное, д. 215 стр. 96');
INSERT INTO public.climbers (id, name, surname, address)
VALUES (80, 'Кулагин', 'Виталий', 'д. Светлогорск (Калин.), ул. Уральская, д. 2 стр. 843');
INSERT INTO public.climbers (id, name, surname, address)
VALUES (81, 'Юлия', 'Афанасьевна', 'д. Камышин, пер. Рязанский, д. 2/5 стр. 6/7');
INSERT INTO public.climbers (id, name, surname, address)
VALUES (82, 'Элеонора', 'Николаевна', 'к. Терскол, пер. Пушкина, д. 512 к. 7/7');
INSERT INTO public.climbers (id, name, surname, address)
VALUES (83, 'Екатерина', 'Наумовна', 'д. Саянск, ул. Володарского, д. 5 стр. 3/9');
INSERT INTO public.climbers (id, name, surname, address)
VALUES (84, 'Майя', 'Валериевна', 'к. Люберцы, ул. Садовая, д. 6');
INSERT INTO public.climbers (id, name, surname, address)
VALUES (85, 'Миронова', 'Вероника', 'г. Шаховская, наб. Песчаная, д. 418');
INSERT INTO public.climbers (id, name, surname, address)
VALUES (86, 'Акулина', 'Эльдаровна', 'п. Троицк (Моск.), ш. Блюхера, д. 80 к. 5/5');
INSERT INTO public.climbers (id, name, surname, address)
VALUES (87, 'Тимофеева', 'Прасковья', 'д. Кижи, алл. Шаумяна, д. 1/8 к. 9');
INSERT INTO public.climbers (id, name, surname, address)
VALUES (88, 'Филатов', 'Аким', 'п. Сальск, алл. Строительная, д. 373 стр. 8/4');
INSERT INTO public.climbers (id, name, surname, address)
VALUES (89, 'Беляков', 'Гаврила', 'с. Волоколамск, пр. Сосновый, д. 9');
INSERT INTO public.climbers (id, name, surname, address)
VALUES (90, 'Виталий', 'Мясников', 'п. Терней, алл. Проточная, д. 33 стр. 337');
INSERT INTO public.climbers (id, name, surname, address)
VALUES (91, 'Карпов', 'Анисим', 'г. Балтийск, наб. Луначарского, д. 5 к. 542');
INSERT INTO public.climbers (id, name, surname, address)
VALUES (92, 'Вадим', 'Даниилович', 'клх Арсеньев, наб. Новгородская, д. 77 стр. 8/4');
INSERT INTO public.climbers (id, name, surname, address)
VALUES (93, 'Лора', 'Степановна', 'г. Салават, бул. Мая 1, д. 798 стр. 5');
INSERT INTO public.climbers (id, name, surname, address)
VALUES (94, 'Любосмысл', 'Феликсович', 'д. Билибино, ул. Щербакова, д. 270 стр. 141');
INSERT INTO public.climbers (id, name, surname, address)
VALUES (95, 'Олег', 'Брониславович', 'д. Красновишерск, пр. Достоевского, д. 8');
INSERT INTO public.climbers (id, name, surname, address)
VALUES (96, 'Раиса', 'Дмитриевна', 'ст. Александров, наб. Солнечная, д. 70 стр. 6/5');
INSERT INTO public.climbers (id, name, surname, address)
VALUES (97, 'Дьячков', 'Ипполит', 'к. Касимов, пер. Алтайский, д. 53');
INSERT INTO public.climbers (id, name, surname, address)
VALUES (98, 'Кудряшова', 'Зоя', 'клх Прохладный, наб. Детская, д. 7/7 к. 2/1');
INSERT INTO public.climbers (id, name, surname, address)
VALUES (99, 'Лазарева', 'Жанна', 'с. Асбест, пр. Ключевой, д. 9/4 к. 9/3');
INSERT INTO public.climbers (id, name, surname, address)
VALUES (100, 'Маслова', 'Вера', 'п. Балашов, бул. Жуковского, д. 321 к. 6');

INSERT INTO public.mountains (id, name, country, region, height)
VALUES (1, 'Макалу', 'Непал', 'Гималаи', 8485);
INSERT INTO public.mountains (id, name, country, region, height)
VALUES (2, 'Манаслу', 'Непал', 'Гималаи', 8163);
INSERT INTO public.mountains (id, name, country, region, height)
VALUES (3, 'Нанга Парбат', 'Пакистан', 'Гималаи', 8126);
INSERT INTO public.mountains (id, name, country, region, height)
VALUES (4, 'Шишапангма', 'Китай', 'Гималаи', 8027);
INSERT INTO public.mountains (id, name, country, region, height)
VALUES (5, 'Дистагил Сар', 'Пакистан', 'Каракорум', 7885);
INSERT INTO public.mountains (id, name, country, region, height)
VALUES (6, 'Кхуньянг Чхиш', 'Пакистан', 'Каракорум', 7852);
INSERT INTO public.mountains (id, name, country, region, height)
VALUES (7, 'Батура Сар', 'Пакистан', 'Каракорум', 7795);
INSERT INTO public.mountains (id, name, country, region, height)
VALUES (8, 'Канджут Сар', 'Пакистан', 'Каракорум', 7790);
INSERT INTO public.mountains (id, name, country, region, height)
VALUES (9, 'Ракапоши', 'Пакистан', 'Каракорум', 7788);
INSERT INTO public.mountains (id, name, country, region, height)
VALUES (10, 'Намча Барва', 'Китай', 'Гималаи', 7782);
INSERT INTO public.mountains (id, name, country, region, height)
VALUES (11, 'Чоголиса', 'Пакистан', 'Каракорум', 7665);
INSERT INTO public.mountains (id, name, country, region, height)
VALUES (12, 'Конгур Таг', 'Китай', 'Памир или Куньлунь', 7649);
INSERT INTO public.mountains (id, name, country, region, height)
VALUES (13, 'Шиспаре', 'Пакистан', 'Каракорум', 7611);
INSERT INTO public.mountains (id, name, country, region, height)
VALUES (14, 'Скайанг Кангри', 'Пакистан', 'Каракорум', 7545);
INSERT INTO public.mountains (id, name, country, region, height)
VALUES (15, 'Юкшин Гардан Сар', 'Пакистан', 'Каракорум', 7530);
INSERT INTO public.mountains (id, name, country, region, height)
VALUES (16, 'Пик Исмоил Сомони', 'Таджикистан', 'Горы Памира', 7495);
INSERT INTO public.mountains (id, name, country, region, height)
VALUES (17, 'Пумари Чхиш', 'Пакистан', 'Каракорум', 7492);
INSERT INTO public.mountains (id, name, country, region, height)
VALUES (18, 'Малубитинг', 'Пакистан', 'Каракорум', 7458);
INSERT INTO public.mountains (id, name, country, region, height)
VALUES (19, 'Гангапурна', 'Непал', 'Аннапурна Гималаи', 7455);
INSERT INTO public.mountains (id, name, country, region, height)
VALUES (20, 'Момхил Сар', 'Пакистан', 'Каракорум', 7414);
INSERT INTO public.mountains (id, name, country, region, height)
VALUES (21, 'История', 'Пакистан', 'Гиндукуш', 7403);
INSERT INTO public.mountains (id, name, country, region, height)
VALUES (22, 'Пик Харамош', 'Пакистан', 'Каракорум', 7397);
INSERT INTO public.mountains (id, name, country, region, height)
VALUES (23, 'Ультар', 'Пакистан', 'Каракорум', 7388);
INSERT INTO public.mountains (id, name, country, region, height)
VALUES (24, 'Шерпи Кангри', 'Пакистан', 'Каракорум', 7380);
INSERT INTO public.mountains (id, name, country, region, height)
VALUES (25, 'Аби Гамин', 'Индия', 'Гималаи', 7355);
INSERT INTO public.mountains (id, name, country, region, height)
VALUES (26, 'Сараграр', 'Пакистан', 'Гиндукуш', 7340);
INSERT INTO public.mountains (id, name, country, region, height)
VALUES (27, 'Боджохагур Дуанасир', 'Пакистан', 'Каракорум', 7329);
INSERT INTO public.mountains (id, name, country, region, height)
VALUES (28, 'Чонгтар Кангри', 'Пакистан', 'Каракорум', 7315);
INSERT INTO public.mountains (id, name, country, region, height)
VALUES (29, 'Балторо Кангри', 'Пакистан', 'Каракорум', 7312);
INSERT INTO public.mountains (id, name, country, region, height)
VALUES (30, 'Сигуанг Ри', 'Китай', 'Гималаи', 7308);
INSERT INTO public.mountains (id, name, country, region, height)
VALUES (31, 'Гьяла Пери', 'Китай', 'Гималаи', 7294);
INSERT INTO public.mountains (id, name, country, region, height)
VALUES (32, 'Поронг Ри', 'Китай', 'Гималаи', 7292);
INSERT INTO public.mountains (id, name, country, region, height)
VALUES (33, 'Ютмару Сар', 'Пакистан', 'Каракорум', 7283);
INSERT INTO public.mountains (id, name, country, region, height)
VALUES (34, 'Канпэнцин', 'Китай', 'Гималаи', 7281);
INSERT INTO public.mountains (id, name, country, region, height)
VALUES (35, 'Музтагская башня', 'Пакистан', 'Каракорум', 7273);
INSERT INTO public.mountains (id, name, country, region, height)
VALUES (36, 'Диран', 'Пакистан', 'Каракорум', 7257);
INSERT INTO public.mountains (id, name, country, region, height)
VALUES (37, 'Лангтанг Лирунг', 'Непал', 'Гималаи', 7227);
INSERT INTO public.mountains (id, name, country, region, height)
VALUES (38, 'Карцзян', 'Китай', 'Гималаи', 7221);
INSERT INTO public.mountains (id, name, country, region, height)
VALUES (39, 'Аннапурна Южная', 'Непал', 'Гималаи', 7219);
INSERT INTO public.mountains (id, name, country, region, height)
VALUES (40, 'Хартафу', 'Китай', 'Гималаи', 7213);
INSERT INTO public.mountains (id, name, country, region, height)
VALUES (41, 'Лупгар Сар', 'Пакистан', 'Каракорум', 7200);
INSERT INTO public.mountains (id, name, country, region, height)
VALUES (42, 'Гурджа Гималаи', 'Непал', 'Гималаи', 7193);
INSERT INTO public.mountains (id, name, country, region, height)
VALUES (43, 'Мелунгце', 'Китай', 'Гималаи Ролвалинга', 7181);
INSERT INTO public.mountains (id, name, country, region, height)
VALUES (44, 'Гашербрум В', 'Пакистан', 'Каракорум', 7147);
INSERT INTO public.mountains (id, name, country, region, height)
VALUES (45, 'Кампире Диор', 'Пакистан', 'Каракорум', 7143);
INSERT INTO public.mountains (id, name, country, region, height)
VALUES (46, 'Немджунг', 'Непал', 'Гималаи', 7140);
INSERT INTO public.mountains (id, name, country, region, height)
VALUES (47, 'Удрен Зом', 'Пакистан', 'Гиндукуш', 7140);
INSERT INTO public.mountains (id, name, country, region, height)
VALUES (48, 'Буларунг Сар', 'Пакистан', 'Каракорум', 7134);
INSERT INTO public.mountains (id, name, country, region, height)
VALUES (49, 'Чомолхари Кан', 'Бутан', 'Гималаи', 7046);
INSERT INTO public.mountains (id, name, country, region, height)
VALUES (50, 'Сайпал', 'Непал', 'Гималаи', 7031);
INSERT INTO public.mountains (id, name, country, region, height)
VALUES (51, 'Падманабх', 'Индия', 'Гималаи', 7030);
INSERT INTO public.mountains (id, name, country, region, height)
VALUES (52, 'Спантик', 'Пакистан', 'Каракорум', 7027);
INSERT INTO public.mountains (id, name, country, region, height)
VALUES (53, 'Сар Памри', 'Пакистан', 'Каракорум', 7016);
INSERT INTO public.mountains (id, name, country, region, height)
VALUES (54, 'Пик Лайла', 'Пакистан', 'Гималаи', 5971);
INSERT INTO public.mountains (id, name, country, region, height)
VALUES (55, 'Альпамайо', 'Перу', 'Анды', 5947);
INSERT INTO public.mountains (id, name, country, region, height)
VALUES (56, 'Фалак Сар', 'Пакистан', 'Гиндукуш', 5918);
INSERT INTO public.mountains (id, name, country, region, height)
VALUES (57, 'Антисана', 'Эквадор', 'Анды', 5753);
INSERT INTO public.mountains (id, name, country, region, height)
VALUES (58, 'Пик Мехрбани', 'Пакистан', 'Каракорум', 5639);
INSERT INTO public.mountains (id, name, country, region, height)
VALUES (59, 'Вулкан Ласкар', 'Чили', 'Анды', 5592);
INSERT INTO public.mountains (id, name, country, region, height)
VALUES (60, 'Диндав Рази', 'Мьянма', 'Гималаи', 5464);
INSERT INTO public.mountains (id, name, country, region, height)
VALUES (61, 'Чакалтайя', 'Боливия', 'Анды', 5421);
INSERT INTO public.mountains (id, name, country, region, height)
VALUES (62, 'Иллиниза', 'Эквадор', 'Анды', 5248);
INSERT INTO public.mountains (id, name, country, region, height)
VALUES (63, 'Сангай', 'Эквадор', 'Анды', 5230);
INSERT INTO public.mountains (id, name, country, region, height)
VALUES (64, 'Тами Рази', 'Мьянма', 'Гималаи', 5101);
INSERT INTO public.mountains (id, name, country, region, height)
VALUES (65, 'Кариуайразо', 'Эквадор', 'Анды', 5018);

INSERT INTO public.groups (id, name, start_date, end_date, mountain_id)
VALUES (1, 'Самые первые', '2018-08-30', '2018-09-18', 59);
INSERT INTO public.groups (id, name, start_date, end_date, mountain_id)
VALUES (2, 'Только вперед!', '2022-02-05', '2022-02-20', 48);
INSERT INTO public.groups (id, name, start_date, end_date, mountain_id)
VALUES (3, 'Победители', '2016-05-26', '2016-06-11', 51);
INSERT INTO public.groups (id, name, start_date, end_date, mountain_id)
VALUES (4, 'Альпинисты', '2016-05-01', '2016-05-21', 57);
INSERT INTO public.groups (id, name, start_date, end_date, mountain_id)
VALUES (5, 'К вершинам', '2018-08-12', '2018-08-27', 5);
INSERT INTO public.groups (id, name, start_date, end_date, mountain_id)
VALUES (6, 'На краю мира', '2017-11-21', '2017-11-29', 49);
INSERT INTO public.groups (id, name, start_date, end_date, mountain_id)
VALUES (7, 'Мечтатели', '2018-07-24', '2018-08-07', 50);
INSERT INTO public.groups (id, name, start_date, end_date, mountain_id)
VALUES (8, 'Пик жизни', '2020-09-29', '2020-10-18', 14);
INSERT INTO public.groups (id, name, start_date, end_date, mountain_id)
VALUES (9, 'Ястребы', '2020-07-31', '2020-08-17', 46);
INSERT INTO public.groups (id, name, start_date, end_date, mountain_id)
VALUES (10, 'Здоровый отдых', '2018-04-05', '2018-04-22', 26);
INSERT INTO public.groups (id, name, start_date, end_date, mountain_id)
VALUES (11, 'Вперед к мечте', '2017-03-22', '2017-04-11', 45);
INSERT INTO public.groups (id, name, start_date, end_date, mountain_id)
VALUES (12, 'Высшая лига', '2019-10-13', '2019-10-26', 30);
INSERT INTO public.groups (id, name, start_date, end_date, mountain_id)
VALUES (13, 'Коммерсанты', '2017-03-27', '2017-04-16', 25);
INSERT INTO public.groups (id, name, start_date, end_date, mountain_id)
VALUES (14, 'Лунатики', '2020-09-08', '2020-09-17', 38);
INSERT INTO public.groups (id, name, start_date, end_date, mountain_id)
VALUES (15, 'Улыбка', '2018-09-26', '2018-10-13', 10);
INSERT INTO public.groups (id, name, start_date, end_date, mountain_id)
VALUES (16, 'Робинзоны', '2020-02-23', '2020-03-02', 24);
INSERT INTO public.groups (id, name, start_date, end_date, mountain_id)
VALUES (17, 'Искра', '2021-01-13', '2021-01-29', 12);
INSERT INTO public.groups (id, name, start_date, end_date, mountain_id)
VALUES (18, 'Мы', '2020-06-03', '2020-06-11', 39);
INSERT INTO public.groups (id, name, start_date, end_date, mountain_id)
VALUES (19, 'Новое поколение', '2019-10-03', '2019-10-10', 7);
INSERT INTO public.groups (id, name, start_date, end_date, mountain_id)
VALUES (20, 'Большой Привет!', '2018-12-18', '2018-12-28', 64);
INSERT INTO public.groups (id, name, start_date, end_date, mountain_id)
VALUES (21, 'Без тормозов', '2020-08-24', '2020-09-14', 42);
INSERT INTO public.groups (id, name, start_date, end_date, mountain_id)
VALUES (22, 'Динамит', '2017-06-10', '2017-06-23', 41);
INSERT INTO public.groups (id, name, start_date, end_date, mountain_id)
VALUES (23, 'Нас не догонят!', '2016-10-29', '2016-11-12', 47);
INSERT INTO public.groups (id, name, start_date, end_date, mountain_id)
VALUES (24, 'Девятая рота', '2018-02-25', '2018-03-08', 51);
INSERT INTO public.groups (id, name, start_date, end_date, mountain_id)
VALUES (25, 'Медведи', '2020-12-11', '2020-12-20', 25);
INSERT INTO public.groups (id, name, start_date, end_date, mountain_id)
VALUES (26, 'Спарта', '2018-08-07', '2018-08-17', 25);
INSERT INTO public.groups (id, name, start_date, end_date, mountain_id)
VALUES (27, 'Восход', '2018-06-02', '2018-06-14', 28);
INSERT INTO public.groups (id, name, start_date, end_date, mountain_id)
VALUES (28, 'Звезды', '2019-08-21', '2019-09-02', 38);
INSERT INTO public.groups (id, name, start_date, end_date, mountain_id)
VALUES (29, 'Скалолазы', '2021-06-23', '2021-07-02', 28);
INSERT INTO public.groups (id, name, start_date, end_date, mountain_id)
VALUES (30, 'Юнги', '2020-05-22', '2020-06-02', 9);
INSERT INTO public.groups (id, name, start_date, end_date, mountain_id)
VALUES (31, 'Век молодёжи', '2021-01-13', '2021-02-03', 40);
INSERT INTO public.groups (id, name, start_date, end_date, mountain_id)
VALUES (32, 'Третий снаряд', '2018-06-20', '2018-07-09', 55);
INSERT INTO public.groups (id, name, start_date, end_date, mountain_id)
VALUES (33, 'Невероятные', '2017-12-30', '2018-01-20', 18);
INSERT INTO public.groups (id, name, start_date, end_date, mountain_id)
VALUES (34, 'Синий иней', '2021-11-27', '2021-12-11', 17);
INSERT INTO public.groups (id, name, start_date, end_date, mountain_id)
VALUES (35, 'Строители', '2020-12-19', '2020-12-29', 55);
INSERT INTO public.groups (id, name, start_date, end_date, mountain_id)
VALUES (36, 'Верные друзья', '2020-09-01', '2020-09-22', 18);
INSERT INTO public.groups (id, name, start_date, end_date, mountain_id)
VALUES (37, 'Денежное дерево', '2021-11-06', '2021-11-13', 28);
INSERT INTO public.groups (id, name, start_date, end_date, mountain_id)
VALUES (38, 'Аврора', '2022-05-23', '2022-06-05', 5);
INSERT INTO public.groups (id, name, start_date, end_date, mountain_id)
VALUES (39, 'Гром', '2020-12-02', '2020-12-18', 46);
INSERT INTO public.groups (id, name, start_date, end_date, mountain_id)
VALUES (40, 'Северное сияние', '2019-04-15', '2019-04-30', 24);
INSERT INTO public.groups (id, name, start_date, end_date, mountain_id)
VALUES (41, 'Веселая компания', '2016-08-16', '2016-09-02', 29);
INSERT INTO public.groups (id, name, start_date, end_date, mountain_id)
VALUES (42, 'Мудрость', '2018-04-21', '2018-05-08', 35);
INSERT INTO public.groups (id, name, start_date, end_date, mountain_id)
VALUES (43, 'Нет границ', '2016-11-29', '2016-12-12', 30);
INSERT INTO public.groups (id, name, start_date, end_date, mountain_id)
VALUES (44, 'Добрый вечер', '2017-11-18', '2017-12-01', 27);
INSERT INTO public.groups (id, name, start_date, end_date, mountain_id)
VALUES (45, 'Мы — сила', '2017-07-28', '2017-08-07', 60);
INSERT INTO public.groups (id, name, start_date, end_date, mountain_id)
VALUES (46, 'Советская школа', '2017-05-18', '2017-05-28', 35);
INSERT INTO public.groups (id, name, start_date, end_date, mountain_id)
VALUES (47, 'Чемпионы', '2019-10-19', '2019-11-02', 40);
INSERT INTO public.groups (id, name, start_date, end_date, mountain_id)
VALUES (48, 'Давно не дети', '2016-01-15', '2016-01-28', 49);
INSERT INTO public.groups (id, name, start_date, end_date, mountain_id)
VALUES (49, 'Айтишники', '2018-03-08', '2018-03-17', 53);
INSERT INTO public.groups (id, name, start_date, end_date, mountain_id)
VALUES (50, 'Строевой отряд', '2022-01-09', '2022-01-28', 50);

INSERT INTO public.group_members (group_id, climber_id)
VALUES (1, 51);
INSERT INTO public.group_members (group_id, climber_id)
VALUES (1, 7);
INSERT INTO public.group_members (group_id, climber_id)
VALUES (1, 27);
INSERT INTO public.group_members (group_id, climber_id)
VALUES (1, 99);
INSERT INTO public.group_members (group_id, climber_id)
VALUES (1, 55);
INSERT INTO public.group_members (group_id, climber_id)
VALUES (1, 3);
INSERT INTO public.group_members (group_id, climber_id)
VALUES (1, 15);
INSERT INTO public.group_members (group_id, climber_id)
VALUES (1, 75);
INSERT INTO public.group_members (group_id, climber_id)
VALUES (1, 95);
INSERT INTO public.group_members (group_id, climber_id)
VALUES (2, 27);
INSERT INTO public.group_members (group_id, climber_id)
VALUES (2, 44);
INSERT INTO public.group_members (group_id, climber_id)
VALUES (2, 6);
INSERT INTO public.group_members (group_id, climber_id)
VALUES (2, 8);
INSERT INTO public.group_members (group_id, climber_id)
VALUES (2, 42);
INSERT INTO public.group_members (group_id, climber_id)
VALUES (2, 86);
INSERT INTO public.group_members (group_id, climber_id)
VALUES (2, 77);
INSERT INTO public.group_members (group_id, climber_id)
VALUES (2, 19);
INSERT INTO public.group_members (group_id, climber_id)
VALUES (2, 60);
INSERT INTO public.group_members (group_id, climber_id)
VALUES (3, 35);
INSERT INTO public.group_members (group_id, climber_id)
VALUES (3, 67);
INSERT INTO public.group_members (group_id, climber_id)
VALUES (3, 58);
INSERT INTO public.group_members (group_id, climber_id)
VALUES (3, 80);
INSERT INTO public.group_members (group_id, climber_id)
VALUES (3, 48);
INSERT INTO public.group_members (group_id, climber_id)
VALUES (3, 46);
INSERT INTO public.group_members (group_id, climber_id)
VALUES (3, 53);
INSERT INTO public.group_members (group_id, climber_id)
VALUES (3, 26);
INSERT INTO public.group_members (group_id, climber_id)
VALUES (3, 33);
INSERT INTO public.group_members (group_id, climber_id)
VALUES (3, 82);
INSERT INTO public.group_members (group_id, climber_id)
VALUES (3, 16);
INSERT INTO public.group_members (group_id, climber_id)
VALUES (3, 3);
INSERT INTO public.group_members (group_id, climber_id)
VALUES (4, 56);
INSERT INTO public.group_members (group_id, climber_id)
VALUES (4, 2);
INSERT INTO public.group_members (group_id, climber_id)
VALUES (4, 100);
INSERT INTO public.group_members (group_id, climber_id)
VALUES (4, 51);
INSERT INTO public.group_members (group_id, climber_id)
VALUES (4, 84);
INSERT INTO public.group_members (group_id, climber_id)
VALUES (4, 35);
INSERT INTO public.group_members (group_id, climber_id)
VALUES (4, 39);
INSERT INTO public.group_members (group_id, climber_id)
VALUES (4, 9);
INSERT INTO public.group_members (group_id, climber_id)
VALUES (4, 55);
INSERT INTO public.group_members (group_id, climber_id)
VALUES (4, 61);
INSERT INTO public.group_members (group_id, climber_id)
VALUES (4, 88);
INSERT INTO public.group_members (group_id, climber_id)
VALUES (4, 30);
INSERT INTO public.group_members (group_id, climber_id)
VALUES (4, 5);
INSERT INTO public.group_members (group_id, climber_id)
VALUES (5, 12);
INSERT INTO public.group_members (group_id, climber_id)
VALUES (5, 26);
INSERT INTO public.group_members (group_id, climber_id)
VALUES (5, 99);
INSERT INTO public.group_members (group_id, climber_id)
VALUES (5, 41);
INSERT INTO public.group_members (group_id, climber_id)
VALUES (5, 2);
INSERT INTO public.group_members (group_id, climber_id)
VALUES (5, 72);
INSERT INTO public.group_members (group_id, climber_id)
VALUES (5, 15);
INSERT INTO public.group_members (group_id, climber_id)
VALUES (5, 90);
INSERT INTO public.group_members (group_id, climber_id)
VALUES (5, 63);
INSERT INTO public.group_members (group_id, climber_id)
VALUES (5, 49);
INSERT INTO public.group_members (group_id, climber_id)
VALUES (5, 55);
INSERT INTO public.group_members (group_id, climber_id)
VALUES (5, 59);
INSERT INTO public.group_members (group_id, climber_id)
VALUES (5, 67);
INSERT INTO public.group_members (group_id, climber_id)
VALUES (5, 88);
INSERT INTO public.group_members (group_id, climber_id)
VALUES (6, 6);
INSERT INTO public.group_members (group_id, climber_id)
VALUES (6, 39);
INSERT INTO public.group_members (group_id, climber_id)
VALUES (6, 65);
INSERT INTO public.group_members (group_id, climber_id)
VALUES (6, 18);
INSERT INTO public.group_members (group_id, climber_id)
VALUES (6, 15);
INSERT INTO public.group_members (group_id, climber_id)
VALUES (6, 60);
INSERT INTO public.group_members (group_id, climber_id)
VALUES (6, 37);
INSERT INTO public.group_members (group_id, climber_id)
VALUES (6, 94);
INSERT INTO public.group_members (group_id, climber_id)
VALUES (6, 4);
INSERT INTO public.group_members (group_id, climber_id)
VALUES (6, 41);
INSERT INTO public.group_members (group_id, climber_id)
VALUES (6, 17);
INSERT INTO public.group_members (group_id, climber_id)
VALUES (6, 35);
INSERT INTO public.group_members (group_id, climber_id)
VALUES (6, 59);
INSERT INTO public.group_members (group_id, climber_id)
VALUES (6, 28);
INSERT INTO public.group_members (group_id, climber_id)
VALUES (7, 73);
INSERT INTO public.group_members (group_id, climber_id)
VALUES (7, 46);
INSERT INTO public.group_members (group_id, climber_id)
VALUES (7, 83);
INSERT INTO public.group_members (group_id, climber_id)
VALUES (7, 99);
INSERT INTO public.group_members (group_id, climber_id)
VALUES (7, 19);
INSERT INTO public.group_members (group_id, climber_id)
VALUES (7, 12);
INSERT INTO public.group_members (group_id, climber_id)
VALUES (7, 87);
INSERT INTO public.group_members (group_id, climber_id)
VALUES (7, 67);
INSERT INTO public.group_members (group_id, climber_id)
VALUES (7, 42);
INSERT INTO public.group_members (group_id, climber_id)
VALUES (7, 52);
INSERT INTO public.group_members (group_id, climber_id)
VALUES (7, 60);
INSERT INTO public.group_members (group_id, climber_id)
VALUES (7, 97);
INSERT INTO public.group_members (group_id, climber_id)
VALUES (7, 88);
INSERT INTO public.group_members (group_id, climber_id)
VALUES (7, 39);
INSERT INTO public.group_members (group_id, climber_id)
VALUES (7, 30);
INSERT INTO public.group_members (group_id, climber_id)
VALUES (7, 27);
INSERT INTO public.group_members (group_id, climber_id)
VALUES (8, 64);
INSERT INTO public.group_members (group_id, climber_id)
VALUES (8, 85);
INSERT INTO public.group_members (group_id, climber_id)
VALUES (8, 70);
INSERT INTO public.group_members (group_id, climber_id)
VALUES (8, 11);
INSERT INTO public.group_members (group_id, climber_id)
VALUES (8, 22);
INSERT INTO public.group_members (group_id, climber_id)
VALUES (8, 23);
INSERT INTO public.group_members (group_id, climber_id)
VALUES (9, 36);
INSERT INTO public.group_members (group_id, climber_id)
VALUES (9, 77);
INSERT INTO public.group_members (group_id, climber_id)
VALUES (9, 6);
INSERT INTO public.group_members (group_id, climber_id)
VALUES (9, 69);
INSERT INTO public.group_members (group_id, climber_id)
VALUES (9, 81);
INSERT INTO public.group_members (group_id, climber_id)
VALUES (9, 55);
INSERT INTO public.group_members (group_id, climber_id)
VALUES (9, 13);
INSERT INTO public.group_members (group_id, climber_id)
VALUES (9, 80);
INSERT INTO public.group_members (group_id, climber_id)
VALUES (9, 10);
INSERT INTO public.group_members (group_id, climber_id)
VALUES (9, 22);
INSERT INTO public.group_members (group_id, climber_id)
VALUES (9, 94);
INSERT INTO public.group_members (group_id, climber_id)
VALUES (10, 35);
INSERT INTO public.group_members (group_id, climber_id)
VALUES (10, 62);
INSERT INTO public.group_members (group_id, climber_id)
VALUES (10, 97);
INSERT INTO public.group_members (group_id, climber_id)
VALUES (10, 55);
INSERT INTO public.group_members (group_id, climber_id)
VALUES (10, 36);
INSERT INTO public.group_members (group_id, climber_id)
VALUES (10, 28);
INSERT INTO public.group_members (group_id, climber_id)
VALUES (10, 9);
INSERT INTO public.group_members (group_id, climber_id)
VALUES (10, 75);
INSERT INTO public.group_members (group_id, climber_id)
VALUES (10, 71);
INSERT INTO public.group_members (group_id, climber_id)
VALUES (11, 94);
INSERT INTO public.group_members (group_id, climber_id)
VALUES (11, 86);
INSERT INTO public.group_members (group_id, climber_id)
VALUES (11, 90);
INSERT INTO public.group_members (group_id, climber_id)
VALUES (11, 43);
INSERT INTO public.group_members (group_id, climber_id)
VALUES (11, 36);
INSERT INTO public.group_members (group_id, climber_id)
VALUES (11, 24);
INSERT INTO public.group_members (group_id, climber_id)
VALUES (12, 63);
INSERT INTO public.group_members (group_id, climber_id)
VALUES (12, 73);
INSERT INTO public.group_members (group_id, climber_id)
VALUES (12, 39);
INSERT INTO public.group_members (group_id, climber_id)
VALUES (12, 23);
INSERT INTO public.group_members (group_id, climber_id)
VALUES (12, 72);
INSERT INTO public.group_members (group_id, climber_id)
VALUES (12, 88);
INSERT INTO public.group_members (group_id, climber_id)
VALUES (12, 76);
INSERT INTO public.group_members (group_id, climber_id)
VALUES (12, 49);
INSERT INTO public.group_members (group_id, climber_id)
VALUES (12, 61);
INSERT INTO public.group_members (group_id, climber_id)
VALUES (12, 57);
INSERT INTO public.group_members (group_id, climber_id)
VALUES (12, 38);
INSERT INTO public.group_members (group_id, climber_id)
VALUES (12, 42);
INSERT INTO public.group_members (group_id, climber_id)
VALUES (13, 18);
INSERT INTO public.group_members (group_id, climber_id)
VALUES (13, 65);
INSERT INTO public.group_members (group_id, climber_id)
VALUES (13, 100);
INSERT INTO public.group_members (group_id, climber_id)
VALUES (13, 53);
INSERT INTO public.group_members (group_id, climber_id)
VALUES (13, 92);
INSERT INTO public.group_members (group_id, climber_id)
VALUES (13, 3);
INSERT INTO public.group_members (group_id, climber_id)
VALUES (13, 19);
INSERT INTO public.group_members (group_id, climber_id)
VALUES (13, 47);
INSERT INTO public.group_members (group_id, climber_id)
VALUES (13, 32);
INSERT INTO public.group_members (group_id, climber_id)
VALUES (13, 37);
INSERT INTO public.group_members (group_id, climber_id)
VALUES (13, 11);
INSERT INTO public.group_members (group_id, climber_id)
VALUES (13, 57);
INSERT INTO public.group_members (group_id, climber_id)
VALUES (13, 25);
INSERT INTO public.group_members (group_id, climber_id)
VALUES (14, 72);
INSERT INTO public.group_members (group_id, climber_id)
VALUES (14, 73);
INSERT INTO public.group_members (group_id, climber_id)
VALUES (14, 19);
INSERT INTO public.group_members (group_id, climber_id)
VALUES (14, 82);
INSERT INTO public.group_members (group_id, climber_id)
VALUES (14, 78);
INSERT INTO public.group_members (group_id, climber_id)
VALUES (14, 7);
INSERT INTO public.group_members (group_id, climber_id)
VALUES (14, 67);
INSERT INTO public.group_members (group_id, climber_id)
VALUES (14, 2);
INSERT INTO public.group_members (group_id, climber_id)
VALUES (15, 70);
INSERT INTO public.group_members (group_id, climber_id)
VALUES (15, 11);
INSERT INTO public.group_members (group_id, climber_id)
VALUES (15, 45);
INSERT INTO public.group_members (group_id, climber_id)
VALUES (15, 10);
INSERT INTO public.group_members (group_id, climber_id)
VALUES (15, 90);
INSERT INTO public.group_members (group_id, climber_id)
VALUES (15, 67);
INSERT INTO public.group_members (group_id, climber_id)
VALUES (15, 100);
INSERT INTO public.group_members (group_id, climber_id)
VALUES (15, 68);
INSERT INTO public.group_members (group_id, climber_id)
VALUES (15, 75);
INSERT INTO public.group_members (group_id, climber_id)
VALUES (16, 89);
INSERT INTO public.group_members (group_id, climber_id)
VALUES (16, 15);
INSERT INTO public.group_members (group_id, climber_id)
VALUES (16, 8);
INSERT INTO public.group_members (group_id, climber_id)
VALUES (16, 20);
INSERT INTO public.group_members (group_id, climber_id)
VALUES (16, 48);
INSERT INTO public.group_members (group_id, climber_id)
VALUES (16, 38);
INSERT INTO public.group_members (group_id, climber_id)
VALUES (16, 54);
INSERT INTO public.group_members (group_id, climber_id)
VALUES (16, 10);
INSERT INTO public.group_members (group_id, climber_id)
VALUES (16, 1);
INSERT INTO public.group_members (group_id, climber_id)
VALUES (16, 95);
INSERT INTO public.group_members (group_id, climber_id)
VALUES (16, 96);
INSERT INTO public.group_members (group_id, climber_id)
VALUES (16, 61);
INSERT INTO public.group_members (group_id, climber_id)
VALUES (16, 68);
INSERT INTO public.group_members (group_id, climber_id)
VALUES (17, 39);
INSERT INTO public.group_members (group_id, climber_id)
VALUES (17, 86);
INSERT INTO public.group_members (group_id, climber_id)
VALUES (17, 91);
INSERT INTO public.group_members (group_id, climber_id)
VALUES (17, 97);
INSERT INTO public.group_members (group_id, climber_id)
VALUES (17, 13);
INSERT INTO public.group_members (group_id, climber_id)
VALUES (17, 47);
INSERT INTO public.group_members (group_id, climber_id)
VALUES (17, 2);
INSERT INTO public.group_members (group_id, climber_id)
VALUES (17, 38);
INSERT INTO public.group_members (group_id, climber_id)
VALUES (17, 33);
INSERT INTO public.group_members (group_id, climber_id)
VALUES (17, 100);
INSERT INTO public.group_members (group_id, climber_id)
VALUES (17, 54);
INSERT INTO public.group_members (group_id, climber_id)
VALUES (17, 69);
INSERT INTO public.group_members (group_id, climber_id)
VALUES (17, 41);
INSERT INTO public.group_members (group_id, climber_id)
VALUES (17, 55);
INSERT INTO public.group_members (group_id, climber_id)
VALUES (18, 14);
INSERT INTO public.group_members (group_id, climber_id)
VALUES (18, 96);
INSERT INTO public.group_members (group_id, climber_id)
VALUES (18, 74);
INSERT INTO public.group_members (group_id, climber_id)
VALUES (18, 12);
INSERT INTO public.group_members (group_id, climber_id)
VALUES (18, 92);
INSERT INTO public.group_members (group_id, climber_id)
VALUES (18, 93);
INSERT INTO public.group_members (group_id, climber_id)
VALUES (18, 65);
INSERT INTO public.group_members (group_id, climber_id)
VALUES (18, 55);
INSERT INTO public.group_members (group_id, climber_id)
VALUES (18, 39);
INSERT INTO public.group_members (group_id, climber_id)
VALUES (18, 73);
INSERT INTO public.group_members (group_id, climber_id)
VALUES (19, 76);
INSERT INTO public.group_members (group_id, climber_id)
VALUES (19, 57);
INSERT INTO public.group_members (group_id, climber_id)
VALUES (19, 64);
INSERT INTO public.group_members (group_id, climber_id)
VALUES (19, 79);
INSERT INTO public.group_members (group_id, climber_id)
VALUES (19, 1);
INSERT INTO public.group_members (group_id, climber_id)
VALUES (19, 75);
INSERT INTO public.group_members (group_id, climber_id)
VALUES (19, 17);
INSERT INTO public.group_members (group_id, climber_id)
VALUES (19, 5);
INSERT INTO public.group_members (group_id, climber_id)
VALUES (20, 16);
INSERT INTO public.group_members (group_id, climber_id)
VALUES (20, 60);
INSERT INTO public.group_members (group_id, climber_id)
VALUES (20, 48);
INSERT INTO public.group_members (group_id, climber_id)
VALUES (20, 53);
INSERT INTO public.group_members (group_id, climber_id)
VALUES (20, 24);
INSERT INTO public.group_members (group_id, climber_id)
VALUES (20, 88);
INSERT INTO public.group_members (group_id, climber_id)
VALUES (20, 82);
INSERT INTO public.group_members (group_id, climber_id)
VALUES (21, 45);
INSERT INTO public.group_members (group_id, climber_id)
VALUES (21, 14);
INSERT INTO public.group_members (group_id, climber_id)
VALUES (21, 88);
INSERT INTO public.group_members (group_id, climber_id)
VALUES (21, 71);
INSERT INTO public.group_members (group_id, climber_id)
VALUES (21, 42);
INSERT INTO public.group_members (group_id, climber_id)
VALUES (21, 41);
INSERT INTO public.group_members (group_id, climber_id)
VALUES (21, 85);
INSERT INTO public.group_members (group_id, climber_id)
VALUES (21, 89);
INSERT INTO public.group_members (group_id, climber_id)
VALUES (21, 25);
INSERT INTO public.group_members (group_id, climber_id)
VALUES (21, 33);
INSERT INTO public.group_members (group_id, climber_id)
VALUES (21, 49);
INSERT INTO public.group_members (group_id, climber_id)
VALUES (21, 51);
INSERT INTO public.group_members (group_id, climber_id)
VALUES (21, 39);
INSERT INTO public.group_members (group_id, climber_id)
VALUES (21, 15);
INSERT INTO public.group_members (group_id, climber_id)
VALUES (21, 94);
INSERT INTO public.group_members (group_id, climber_id)
VALUES (21, 97);
INSERT INTO public.group_members (group_id, climber_id)
VALUES (22, 43);
INSERT INTO public.group_members (group_id, climber_id)
VALUES (22, 41);
INSERT INTO public.group_members (group_id, climber_id)
VALUES (22, 88);
INSERT INTO public.group_members (group_id, climber_id)
VALUES (22, 49);
INSERT INTO public.group_members (group_id, climber_id)
VALUES (22, 81);
INSERT INTO public.group_members (group_id, climber_id)
VALUES (22, 75);
INSERT INTO public.group_members (group_id, climber_id)
VALUES (22, 98);
INSERT INTO public.group_members (group_id, climber_id)
VALUES (22, 95);
INSERT INTO public.group_members (group_id, climber_id)
VALUES (22, 19);
INSERT INTO public.group_members (group_id, climber_id)
VALUES (22, 40);
INSERT INTO public.group_members (group_id, climber_id)
VALUES (22, 6);
INSERT INTO public.group_members (group_id, climber_id)
VALUES (23, 82);
INSERT INTO public.group_members (group_id, climber_id)
VALUES (23, 77);
INSERT INTO public.group_members (group_id, climber_id)
VALUES (23, 75);
INSERT INTO public.group_members (group_id, climber_id)
VALUES (23, 67);
INSERT INTO public.group_members (group_id, climber_id)
VALUES (23, 76);
INSERT INTO public.group_members (group_id, climber_id)
VALUES (23, 65);
INSERT INTO public.group_members (group_id, climber_id)
VALUES (23, 47);
INSERT INTO public.group_members (group_id, climber_id)
VALUES (23, 6);
INSERT INTO public.group_members (group_id, climber_id)
VALUES (24, 75);
INSERT INTO public.group_members (group_id, climber_id)
VALUES (24, 72);
INSERT INTO public.group_members (group_id, climber_id)
VALUES (24, 32);
INSERT INTO public.group_members (group_id, climber_id)
VALUES (24, 1);
INSERT INTO public.group_members (group_id, climber_id)
VALUES (24, 39);
INSERT INTO public.group_members (group_id, climber_id)
VALUES (24, 8);
INSERT INTO public.group_members (group_id, climber_id)
VALUES (24, 53);
INSERT INTO public.group_members (group_id, climber_id)
VALUES (24, 100);
INSERT INTO public.group_members (group_id, climber_id)
VALUES (24, 36);
INSERT INTO public.group_members (group_id, climber_id)
VALUES (24, 95);
INSERT INTO public.group_members (group_id, climber_id)
VALUES (24, 87);
INSERT INTO public.group_members (group_id, climber_id)
VALUES (25, 77);
INSERT INTO public.group_members (group_id, climber_id)
VALUES (25, 7);
INSERT INTO public.group_members (group_id, climber_id)
VALUES (25, 39);
INSERT INTO public.group_members (group_id, climber_id)
VALUES (25, 42);
INSERT INTO public.group_members (group_id, climber_id)
VALUES (25, 1);
INSERT INTO public.group_members (group_id, climber_id)
VALUES (25, 79);
INSERT INTO public.group_members (group_id, climber_id)
VALUES (26, 82);
INSERT INTO public.group_members (group_id, climber_id)
VALUES (26, 47);
INSERT INTO public.group_members (group_id, climber_id)
VALUES (26, 22);
INSERT INTO public.group_members (group_id, climber_id)
VALUES (26, 68);
INSERT INTO public.group_members (group_id, climber_id)
VALUES (26, 53);
INSERT INTO public.group_members (group_id, climber_id)
VALUES (26, 91);
INSERT INTO public.group_members (group_id, climber_id)
VALUES (26, 84);
INSERT INTO public.group_members (group_id, climber_id)
VALUES (26, 11);
INSERT INTO public.group_members (group_id, climber_id)
VALUES (26, 95);
INSERT INTO public.group_members (group_id, climber_id)
VALUES (26, 32);
INSERT INTO public.group_members (group_id, climber_id)
VALUES (26, 23);
INSERT INTO public.group_members (group_id, climber_id)
VALUES (26, 69);
INSERT INTO public.group_members (group_id, climber_id)
VALUES (26, 71);
INSERT INTO public.group_members (group_id, climber_id)
VALUES (26, 44);
INSERT INTO public.group_members (group_id, climber_id)
VALUES (27, 25);
INSERT INTO public.group_members (group_id, climber_id)
VALUES (27, 76);
INSERT INTO public.group_members (group_id, climber_id)
VALUES (27, 43);
INSERT INTO public.group_members (group_id, climber_id)
VALUES (27, 87);
INSERT INTO public.group_members (group_id, climber_id)
VALUES (27, 77);
INSERT INTO public.group_members (group_id, climber_id)
VALUES (27, 59);
INSERT INTO public.group_members (group_id, climber_id)
VALUES (27, 84);
INSERT INTO public.group_members (group_id, climber_id)
VALUES (27, 12);
INSERT INTO public.group_members (group_id, climber_id)
VALUES (27, 15);
INSERT INTO public.group_members (group_id, climber_id)
VALUES (27, 38);
INSERT INTO public.group_members (group_id, climber_id)
VALUES (27, 63);
INSERT INTO public.group_members (group_id, climber_id)
VALUES (27, 53);
INSERT INTO public.group_members (group_id, climber_id)
VALUES (27, 99);
INSERT INTO public.group_members (group_id, climber_id)
VALUES (27, 72);
INSERT INTO public.group_members (group_id, climber_id)
VALUES (27, 97);
INSERT INTO public.group_members (group_id, climber_id)
VALUES (28, 31);
INSERT INTO public.group_members (group_id, climber_id)
VALUES (28, 25);
INSERT INTO public.group_members (group_id, climber_id)
VALUES (28, 98);
INSERT INTO public.group_members (group_id, climber_id)
VALUES (28, 100);
INSERT INTO public.group_members (group_id, climber_id)
VALUES (28, 95);
INSERT INTO public.group_members (group_id, climber_id)
VALUES (28, 16);
INSERT INTO public.group_members (group_id, climber_id)
VALUES (28, 62);
INSERT INTO public.group_members (group_id, climber_id)
VALUES (28, 88);
INSERT INTO public.group_members (group_id, climber_id)
VALUES (28, 91);
INSERT INTO public.group_members (group_id, climber_id)
VALUES (28, 87);
INSERT INTO public.group_members (group_id, climber_id)
VALUES (28, 48);
INSERT INTO public.group_members (group_id, climber_id)
VALUES (28, 6);
INSERT INTO public.group_members (group_id, climber_id)
VALUES (28, 52);
INSERT INTO public.group_members (group_id, climber_id)
VALUES (28, 59);
INSERT INTO public.group_members (group_id, climber_id)
VALUES (28, 5);
INSERT INTO public.group_members (group_id, climber_id)
VALUES (28, 60);
INSERT INTO public.group_members (group_id, climber_id)
VALUES (28, 17);
INSERT INTO public.group_members (group_id, climber_id)
VALUES (29, 43);
INSERT INTO public.group_members (group_id, climber_id)
VALUES (29, 20);
INSERT INTO public.group_members (group_id, climber_id)
VALUES (29, 73);
INSERT INTO public.group_members (group_id, climber_id)
VALUES (29, 5);
INSERT INTO public.group_members (group_id, climber_id)
VALUES (29, 97);
INSERT INTO public.group_members (group_id, climber_id)
VALUES (29, 26);
INSERT INTO public.group_members (group_id, climber_id)
VALUES (29, 54);
INSERT INTO public.group_members (group_id, climber_id)
VALUES (29, 25);
INSERT INTO public.group_members (group_id, climber_id)
VALUES (30, 4);
INSERT INTO public.group_members (group_id, climber_id)
VALUES (30, 9);
INSERT INTO public.group_members (group_id, climber_id)
VALUES (30, 51);
INSERT INTO public.group_members (group_id, climber_id)
VALUES (30, 15);
INSERT INTO public.group_members (group_id, climber_id)
VALUES (30, 52);
INSERT INTO public.group_members (group_id, climber_id)
VALUES (30, 16);
INSERT INTO public.group_members (group_id, climber_id)
VALUES (30, 79);
INSERT INTO public.group_members (group_id, climber_id)
VALUES (30, 46);
INSERT INTO public.group_members (group_id, climber_id)
VALUES (30, 87);
INSERT INTO public.group_members (group_id, climber_id)
VALUES (30, 43);
INSERT INTO public.group_members (group_id, climber_id)
VALUES (30, 35);
INSERT INTO public.group_members (group_id, climber_id)
VALUES (30, 75);
INSERT INTO public.group_members (group_id, climber_id)
VALUES (30, 100);
INSERT INTO public.group_members (group_id, climber_id)
VALUES (30, 32);
INSERT INTO public.group_members (group_id, climber_id)
VALUES (31, 62);
INSERT INTO public.group_members (group_id, climber_id)
VALUES (31, 10);
INSERT INTO public.group_members (group_id, climber_id)
VALUES (31, 29);
INSERT INTO public.group_members (group_id, climber_id)
VALUES (31, 61);
INSERT INTO public.group_members (group_id, climber_id)
VALUES (31, 59);
INSERT INTO public.group_members (group_id, climber_id)
VALUES (31, 20);
INSERT INTO public.group_members (group_id, climber_id)
VALUES (31, 96);
INSERT INTO public.group_members (group_id, climber_id)
VALUES (31, 78);
INSERT INTO public.group_members (group_id, climber_id)
VALUES (31, 11);
INSERT INTO public.group_members (group_id, climber_id)
VALUES (31, 92);
INSERT INTO public.group_members (group_id, climber_id)
VALUES (31, 75);
INSERT INTO public.group_members (group_id, climber_id)
VALUES (31, 70);
INSERT INTO public.group_members (group_id, climber_id)
VALUES (31, 4);
INSERT INTO public.group_members (group_id, climber_id)
VALUES (31, 46);
INSERT INTO public.group_members (group_id, climber_id)
VALUES (32, 68);
INSERT INTO public.group_members (group_id, climber_id)
VALUES (32, 56);
INSERT INTO public.group_members (group_id, climber_id)
VALUES (32, 94);
INSERT INTO public.group_members (group_id, climber_id)
VALUES (32, 75);
INSERT INTO public.group_members (group_id, climber_id)
VALUES (32, 37);
INSERT INTO public.group_members (group_id, climber_id)
VALUES (32, 80);
INSERT INTO public.group_members (group_id, climber_id)
VALUES (32, 21);
INSERT INTO public.group_members (group_id, climber_id)
VALUES (32, 44);
INSERT INTO public.group_members (group_id, climber_id)
VALUES (32, 10);
INSERT INTO public.group_members (group_id, climber_id)
VALUES (33, 39);
INSERT INTO public.group_members (group_id, climber_id)
VALUES (33, 24);
INSERT INTO public.group_members (group_id, climber_id)
VALUES (33, 69);
INSERT INTO public.group_members (group_id, climber_id)
VALUES (33, 19);
INSERT INTO public.group_members (group_id, climber_id)
VALUES (33, 36);
INSERT INTO public.group_members (group_id, climber_id)
VALUES (33, 73);
INSERT INTO public.group_members (group_id, climber_id)
VALUES (33, 80);
INSERT INTO public.group_members (group_id, climber_id)
VALUES (34, 83);
INSERT INTO public.group_members (group_id, climber_id)
VALUES (34, 18);
INSERT INTO public.group_members (group_id, climber_id)
VALUES (34, 81);
INSERT INTO public.group_members (group_id, climber_id)
VALUES (34, 47);
INSERT INTO public.group_members (group_id, climber_id)
VALUES (34, 62);
INSERT INTO public.group_members (group_id, climber_id)
VALUES (34, 54);
INSERT INTO public.group_members (group_id, climber_id)
VALUES (34, 22);
INSERT INTO public.group_members (group_id, climber_id)
VALUES (34, 100);
INSERT INTO public.group_members (group_id, climber_id)
VALUES (34, 59);
INSERT INTO public.group_members (group_id, climber_id)
VALUES (34, 56);
INSERT INTO public.group_members (group_id, climber_id)
VALUES (34, 66);
INSERT INTO public.group_members (group_id, climber_id)
VALUES (35, 14);
INSERT INTO public.group_members (group_id, climber_id)
VALUES (35, 13);
INSERT INTO public.group_members (group_id, climber_id)
VALUES (35, 94);
INSERT INTO public.group_members (group_id, climber_id)
VALUES (35, 35);
INSERT INTO public.group_members (group_id, climber_id)
VALUES (35, 2);
INSERT INTO public.group_members (group_id, climber_id)
VALUES (35, 19);
INSERT INTO public.group_members (group_id, climber_id)
VALUES (35, 25);
INSERT INTO public.group_members (group_id, climber_id)
VALUES (35, 41);
INSERT INTO public.group_members (group_id, climber_id)
VALUES (35, 87);
INSERT INTO public.group_members (group_id, climber_id)
VALUES (35, 51);
INSERT INTO public.group_members (group_id, climber_id)
VALUES (35, 61);
INSERT INTO public.group_members (group_id, climber_id)
VALUES (35, 22);
INSERT INTO public.group_members (group_id, climber_id)
VALUES (36, 46);
INSERT INTO public.group_members (group_id, climber_id)
VALUES (36, 60);
INSERT INTO public.group_members (group_id, climber_id)
VALUES (36, 75);
INSERT INTO public.group_members (group_id, climber_id)
VALUES (36, 43);
INSERT INTO public.group_members (group_id, climber_id)
VALUES (36, 9);
INSERT INTO public.group_members (group_id, climber_id)
VALUES (36, 13);
INSERT INTO public.group_members (group_id, climber_id)
VALUES (36, 11);
INSERT INTO public.group_members (group_id, climber_id)
VALUES (36, 10);
INSERT INTO public.group_members (group_id, climber_id)
VALUES (36, 92);
INSERT INTO public.group_members (group_id, climber_id)
VALUES (36, 12);
INSERT INTO public.group_members (group_id, climber_id)
VALUES (36, 30);
INSERT INTO public.group_members (group_id, climber_id)
VALUES (36, 37);
INSERT INTO public.group_members (group_id, climber_id)
VALUES (36, 58);
INSERT INTO public.group_members (group_id, climber_id)
VALUES (36, 53);
INSERT INTO public.group_members (group_id, climber_id)
VALUES (37, 1);
INSERT INTO public.group_members (group_id, climber_id)
VALUES (37, 70);
INSERT INTO public.group_members (group_id, climber_id)
VALUES (37, 10);
INSERT INTO public.group_members (group_id, climber_id)
VALUES (37, 79);
INSERT INTO public.group_members (group_id, climber_id)
VALUES (37, 5);
INSERT INTO public.group_members (group_id, climber_id)
VALUES (37, 34);
INSERT INTO public.group_members (group_id, climber_id)
VALUES (37, 62);
INSERT INTO public.group_members (group_id, climber_id)
VALUES (37, 4);
INSERT INTO public.group_members (group_id, climber_id)
VALUES (37, 67);
INSERT INTO public.group_members (group_id, climber_id)
VALUES (37, 86);
INSERT INTO public.group_members (group_id, climber_id)
VALUES (37, 95);
INSERT INTO public.group_members (group_id, climber_id)
VALUES (37, 75);
INSERT INTO public.group_members (group_id, climber_id)
VALUES (37, 40);
INSERT INTO public.group_members (group_id, climber_id)
VALUES (37, 51);
INSERT INTO public.group_members (group_id, climber_id)
VALUES (37, 61);
INSERT INTO public.group_members (group_id, climber_id)
VALUES (37, 52);
INSERT INTO public.group_members (group_id, climber_id)
VALUES (37, 28);
INSERT INTO public.group_members (group_id, climber_id)
VALUES (38, 41);
INSERT INTO public.group_members (group_id, climber_id)
VALUES (38, 5);
INSERT INTO public.group_members (group_id, climber_id)
VALUES (38, 28);
INSERT INTO public.group_members (group_id, climber_id)
VALUES (38, 49);
INSERT INTO public.group_members (group_id, climber_id)
VALUES (38, 29);
INSERT INTO public.group_members (group_id, climber_id)
VALUES (38, 3);
INSERT INTO public.group_members (group_id, climber_id)
VALUES (38, 48);
INSERT INTO public.group_members (group_id, climber_id)
VALUES (38, 78);
INSERT INTO public.group_members (group_id, climber_id)
VALUES (38, 7);
INSERT INTO public.group_members (group_id, climber_id)
VALUES (38, 39);
INSERT INTO public.group_members (group_id, climber_id)
VALUES (38, 20);
INSERT INTO public.group_members (group_id, climber_id)
VALUES (38, 46);
INSERT INTO public.group_members (group_id, climber_id)
VALUES (38, 55);
INSERT INTO public.group_members (group_id, climber_id)
VALUES (38, 22);
INSERT INTO public.group_members (group_id, climber_id)
VALUES (38, 73);
INSERT INTO public.group_members (group_id, climber_id)
VALUES (38, 40);
INSERT INTO public.group_members (group_id, climber_id)
VALUES (38, 99);
INSERT INTO public.group_members (group_id, climber_id)
VALUES (38, 38);
INSERT INTO public.group_members (group_id, climber_id)
VALUES (38, 83);
INSERT INTO public.group_members (group_id, climber_id)
VALUES (39, 22);
INSERT INTO public.group_members (group_id, climber_id)
VALUES (39, 27);
INSERT INTO public.group_members (group_id, climber_id)
VALUES (39, 89);
INSERT INTO public.group_members (group_id, climber_id)
VALUES (39, 68);
INSERT INTO public.group_members (group_id, climber_id)
VALUES (39, 60);
INSERT INTO public.group_members (group_id, climber_id)
VALUES (39, 17);
INSERT INTO public.group_members (group_id, climber_id)
VALUES (39, 61);
INSERT INTO public.group_members (group_id, climber_id)
VALUES (39, 34);
INSERT INTO public.group_members (group_id, climber_id)
VALUES (39, 25);
INSERT INTO public.group_members (group_id, climber_id)
VALUES (39, 44);
INSERT INTO public.group_members (group_id, climber_id)
VALUES (39, 46);
INSERT INTO public.group_members (group_id, climber_id)
VALUES (39, 81);
INSERT INTO public.group_members (group_id, climber_id)
VALUES (39, 55);
INSERT INTO public.group_members (group_id, climber_id)
VALUES (39, 50);
INSERT INTO public.group_members (group_id, climber_id)
VALUES (39, 75);
INSERT INTO public.group_members (group_id, climber_id)
VALUES (39, 88);
INSERT INTO public.group_members (group_id, climber_id)
VALUES (39, 47);
INSERT INTO public.group_members (group_id, climber_id)
VALUES (39, 97);
INSERT INTO public.group_members (group_id, climber_id)
VALUES (40, 65);
INSERT INTO public.group_members (group_id, climber_id)
VALUES (40, 8);
INSERT INTO public.group_members (group_id, climber_id)
VALUES (40, 54);
INSERT INTO public.group_members (group_id, climber_id)
VALUES (40, 1);
INSERT INTO public.group_members (group_id, climber_id)
VALUES (40, 50);
INSERT INTO public.group_members (group_id, climber_id)
VALUES (40, 89);
INSERT INTO public.group_members (group_id, climber_id)
VALUES (40, 26);
INSERT INTO public.group_members (group_id, climber_id)
VALUES (41, 87);
INSERT INTO public.group_members (group_id, climber_id)
VALUES (41, 27);
INSERT INTO public.group_members (group_id, climber_id)
VALUES (41, 25);
INSERT INTO public.group_members (group_id, climber_id)
VALUES (41, 10);
INSERT INTO public.group_members (group_id, climber_id)
VALUES (41, 41);
INSERT INTO public.group_members (group_id, climber_id)
VALUES (41, 78);
INSERT INTO public.group_members (group_id, climber_id)
VALUES (42, 99);
INSERT INTO public.group_members (group_id, climber_id)
VALUES (42, 34);
INSERT INTO public.group_members (group_id, climber_id)
VALUES (42, 93);
INSERT INTO public.group_members (group_id, climber_id)
VALUES (42, 25);
INSERT INTO public.group_members (group_id, climber_id)
VALUES (42, 53);
INSERT INTO public.group_members (group_id, climber_id)
VALUES (42, 40);
INSERT INTO public.group_members (group_id, climber_id)
VALUES (42, 65);
INSERT INTO public.group_members (group_id, climber_id)
VALUES (42, 12);
INSERT INTO public.group_members (group_id, climber_id)
VALUES (42, 14);
INSERT INTO public.group_members (group_id, climber_id)
VALUES (42, 76);
INSERT INTO public.group_members (group_id, climber_id)
VALUES (42, 2);
INSERT INTO public.group_members (group_id, climber_id)
VALUES (42, 32);
INSERT INTO public.group_members (group_id, climber_id)
VALUES (42, 46);
INSERT INTO public.group_members (group_id, climber_id)
VALUES (42, 80);
INSERT INTO public.group_members (group_id, climber_id)
VALUES (42, 49);
INSERT INTO public.group_members (group_id, climber_id)
VALUES (42, 73);
INSERT INTO public.group_members (group_id, climber_id)
VALUES (43, 75);
INSERT INTO public.group_members (group_id, climber_id)
VALUES (43, 91);
INSERT INTO public.group_members (group_id, climber_id)
VALUES (43, 8);
INSERT INTO public.group_members (group_id, climber_id)
VALUES (43, 63);
INSERT INTO public.group_members (group_id, climber_id)
VALUES (43, 77);
INSERT INTO public.group_members (group_id, climber_id)
VALUES (43, 36);
INSERT INTO public.group_members (group_id, climber_id)
VALUES (43, 59);
INSERT INTO public.group_members (group_id, climber_id)
VALUES (43, 51);
INSERT INTO public.group_members (group_id, climber_id)
VALUES (43, 69);
INSERT INTO public.group_members (group_id, climber_id)
VALUES (43, 20);
INSERT INTO public.group_members (group_id, climber_id)
VALUES (44, 3);
INSERT INTO public.group_members (group_id, climber_id)
VALUES (44, 72);
INSERT INTO public.group_members (group_id, climber_id)
VALUES (44, 7);
INSERT INTO public.group_members (group_id, climber_id)
VALUES (44, 29);
INSERT INTO public.group_members (group_id, climber_id)
VALUES (44, 12);
INSERT INTO public.group_members (group_id, climber_id)
VALUES (44, 74);
INSERT INTO public.group_members (group_id, climber_id)
VALUES (44, 77);
INSERT INTO public.group_members (group_id, climber_id)
VALUES (44, 80);
INSERT INTO public.group_members (group_id, climber_id)
VALUES (44, 61);
INSERT INTO public.group_members (group_id, climber_id)
VALUES (44, 42);
INSERT INTO public.group_members (group_id, climber_id)
VALUES (44, 96);
INSERT INTO public.group_members (group_id, climber_id)
VALUES (44, 99);
INSERT INTO public.group_members (group_id, climber_id)
VALUES (44, 68);
INSERT INTO public.group_members (group_id, climber_id)
VALUES (44, 16);
INSERT INTO public.group_members (group_id, climber_id)
VALUES (44, 8);
INSERT INTO public.group_members (group_id, climber_id)
VALUES (44, 14);
INSERT INTO public.group_members (group_id, climber_id)
VALUES (45, 88);
INSERT INTO public.group_members (group_id, climber_id)
VALUES (45, 18);
INSERT INTO public.group_members (group_id, climber_id)
VALUES (45, 40);
INSERT INTO public.group_members (group_id, climber_id)
VALUES (45, 35);
INSERT INTO public.group_members (group_id, climber_id)
VALUES (45, 3);
INSERT INTO public.group_members (group_id, climber_id)
VALUES (45, 72);
INSERT INTO public.group_members (group_id, climber_id)
VALUES (45, 24);
INSERT INTO public.group_members (group_id, climber_id)
VALUES (45, 57);
INSERT INTO public.group_members (group_id, climber_id)
VALUES (45, 59);
INSERT INTO public.group_members (group_id, climber_id)
VALUES (45, 96);
INSERT INTO public.group_members (group_id, climber_id)
VALUES (45, 19);
INSERT INTO public.group_members (group_id, climber_id)
VALUES (45, 16);
INSERT INTO public.group_members (group_id, climber_id)
VALUES (45, 67);
INSERT INTO public.group_members (group_id, climber_id)
VALUES (45, 45);
INSERT INTO public.group_members (group_id, climber_id)
VALUES (45, 1);
INSERT INTO public.group_members (group_id, climber_id)
VALUES (45, 77);
INSERT INTO public.group_members (group_id, climber_id)
VALUES (45, 66);
INSERT INTO public.group_members (group_id, climber_id)
VALUES (45, 4);
INSERT INTO public.group_members (group_id, climber_id)
VALUES (45, 83);
INSERT INTO public.group_members (group_id, climber_id)
VALUES (46, 14);
INSERT INTO public.group_members (group_id, climber_id)
VALUES (46, 26);
INSERT INTO public.group_members (group_id, climber_id)
VALUES (46, 68);
INSERT INTO public.group_members (group_id, climber_id)
VALUES (46, 13);
INSERT INTO public.group_members (group_id, climber_id)
VALUES (46, 91);
INSERT INTO public.group_members (group_id, climber_id)
VALUES (46, 42);
INSERT INTO public.group_members (group_id, climber_id)
VALUES (46, 57);
INSERT INTO public.group_members (group_id, climber_id)
VALUES (46, 24);
INSERT INTO public.group_members (group_id, climber_id)
VALUES (46, 22);
INSERT INTO public.group_members (group_id, climber_id)
VALUES (46, 4);
INSERT INTO public.group_members (group_id, climber_id)
VALUES (46, 35);
INSERT INTO public.group_members (group_id, climber_id)
VALUES (46, 20);
INSERT INTO public.group_members (group_id, climber_id)
VALUES (46, 81);
INSERT INTO public.group_members (group_id, climber_id)
VALUES (47, 64);
INSERT INTO public.group_members (group_id, climber_id)
VALUES (47, 16);
INSERT INTO public.group_members (group_id, climber_id)
VALUES (47, 77);
INSERT INTO public.group_members (group_id, climber_id)
VALUES (47, 18);
INSERT INTO public.group_members (group_id, climber_id)
VALUES (47, 99);
INSERT INTO public.group_members (group_id, climber_id)
VALUES (47, 74);
INSERT INTO public.group_members (group_id, climber_id)
VALUES (48, 86);
INSERT INTO public.group_members (group_id, climber_id)
VALUES (48, 63);
INSERT INTO public.group_members (group_id, climber_id)
VALUES (48, 90);
INSERT INTO public.group_members (group_id, climber_id)
VALUES (48, 93);
INSERT INTO public.group_members (group_id, climber_id)
VALUES (48, 72);
INSERT INTO public.group_members (group_id, climber_id)
VALUES (48, 16);
INSERT INTO public.group_members (group_id, climber_id)
VALUES (48, 26);
INSERT INTO public.group_members (group_id, climber_id)
VALUES (48, 34);
INSERT INTO public.group_members (group_id, climber_id)
VALUES (48, 71);
INSERT INTO public.group_members (group_id, climber_id)
VALUES (48, 28);
INSERT INTO public.group_members (group_id, climber_id)
VALUES (48, 94);
INSERT INTO public.group_members (group_id, climber_id)
VALUES (49, 64);
INSERT INTO public.group_members (group_id, climber_id)
VALUES (49, 30);
INSERT INTO public.group_members (group_id, climber_id)
VALUES (49, 31);
INSERT INTO public.group_members (group_id, climber_id)
VALUES (49, 67);
INSERT INTO public.group_members (group_id, climber_id)
VALUES (49, 10);
INSERT INTO public.group_members (group_id, climber_id)
VALUES (49, 42);
INSERT INTO public.group_members (group_id, climber_id)
VALUES (50, 94);
INSERT INTO public.group_members (group_id, climber_id)
VALUES (50, 41);
INSERT INTO public.group_members (group_id, climber_id)
VALUES (50, 44);
INSERT INTO public.group_members (group_id, climber_id)
VALUES (50, 73);
INSERT INTO public.group_members (group_id, climber_id)
VALUES (50, 74);
INSERT INTO public.group_members (group_id, climber_id)
VALUES (50, 48);
INSERT INTO public.group_members (group_id, climber_id)
VALUES (50, 3);
INSERT INTO public.group_members (group_id, climber_id)
VALUES (50, 84);
INSERT INTO public.group_members (group_id, climber_id)
VALUES (50, 16);
INSERT INTO public.group_members (group_id, climber_id)
VALUES (50, 9);
INSERT INTO public.group_members (group_id, climber_id)
VALUES (50, 99);

SELECT SETVAL('climbers_id_seq', (SELECT MAX(id) FROM climbers));
SELECT SETVAL('mountains_id_seq', (SELECT MAX(id) FROM mountains));
SELECT SETVAL('groups_id_seq', (SELECT MAX(id) FROM groups));